{
   "objname": "一个登陆界面",
   "host": "127.0.0.1",
   "port": "8080",
   "tree": {
      "登陆界面": {
         "账号输入框": {
            "api": false
         },
         "密码输入框": {
            "api": false
         },
         "登陆按钮": {
            "api": true,
            "func": "验证前端输入的账号密码是否正确",
            "howTo": "按下登陆按钮后，js获取账号和密输入框内的信息，并确认没有非法符号发送给后端，后端收到前端传入登陆信息后，与数据库内存储的信息对比，是否正确，正确则返回true，错误则返回false",
            "route": "http://127.0.0.1:8080/login"
         }
      }
   }
}